"date_time","ti","te","td","resistor","fan"
"2021-03-19 14:23:47","51.85","22.15","76.00","100.00","0.00"
"2021-03-19 14:23:48","51.85","27.14","76.00","100.00","0.00"
"2021-03-19 14:23:49","50.92","27.14","76.00","100.00","0.00"
"2021-03-19 14:23:50","52.21","27.14","76.00","100.00","0.00"
"2021-03-19 14:23:52","52.21","27.14","76.00","100.00","0.00"
"2021-03-19 14:23:53","51.98","27.14","76.00","100.00","0.00"
"2021-03-19 14:23:54","51.98","27.14","76.00","100.00","0.00"
"2021-03-19 14:23:55","51.79","27.14","76.00","100.00","0.00"
"2021-03-19 14:23:57","50.50","27.14","76.00","100.00","0.00"
"2021-03-19 14:23:58","50.50","27.14","76.00","100.00","0.00"
"2021-03-19 14:23:59","49.11","27.15","76.00","100.00","0.00"
"2021-03-19 14:24:00","49.11","27.15","76.00","100.00","0.00"
"2021-03-19 14:24:01","49.15","27.15","76.00","100.00","0.00"
"2021-03-19 14:24:03","49.56","27.15","76.00","100.00","0.00"
"2021-03-19 14:24:04","49.56","27.15","76.00","100.00","0.00"
"2021-03-19 14:24:05","49.76","27.15","76.00","100.00","0.00"
"2021-03-19 14:24:06","49.76","27.15","76.00","100.00","0.00"
"2021-03-19 14:24:07","51.05","27.15","76.00","100.00","0.00"
"2021-03-19 14:24:09","51.05","27.15","76.00","100.00","0.00"
"2021-03-19 14:24:10","52.08","27.15","76.00","100.00","0.00"
"2021-03-19 14:24:11","51.95","27.15","76.00","100.00","0.00"
"2021-03-19 14:24:12","51.95","27.15","76.00","100.00","0.00"
"2021-03-19 14:24:13","51.66","27.16","76.00","100.00","0.00"
"2021-03-19 14:24:15","51.66","27.16","76.00","100.00","0.00"
"2021-03-19 14:24:16","51.37","27.16","76.00","100.00","0.00"
"2021-03-19 14:24:17","51.11","27.16","76.00","100.00","0.00"
"2021-03-19 14:24:18","51.11","27.16","76.00","100.00","0.00"
"2021-03-19 14:24:20","52.08","27.16","76.00","100.00","0.00"
"2021-03-19 14:24:21","52.08","27.16","76.00","100.00","0.00"
"2021-03-19 14:24:22","52.40","27.16","76.00","100.00","0.00"
"2021-03-19 14:24:23","53.21","27.16","76.00","100.00","0.00"
"2021-03-19 14:24:24","53.21","27.16","76.00","100.00","0.00"
"2021-03-19 14:24:26","53.27","27.16","76.00","100.00","0.00"
"2021-03-19 14:24:27","53.27","27.16","76.00","100.00","0.00"
"2021-03-19 14:24:28","52.98","27.16","76.00","100.00","0.00"
"2021-03-19 14:24:29","52.98","27.16","76.00","100.00","0.00"
"2021-03-19 14:24:30","52.56","27.16","76.00","100.00","0.00"
"2021-03-19 14:24:32","52.24","27.17","76.00","100.00","0.00"
"2021-03-19 14:24:33","52.24","27.17","76.00","100.00","0.00"
"2021-03-19 14:24:34","52.66","27.17","76.00","100.00","0.00"
"2021-03-19 14:24:35","52.66","27.17","76.00","100.00","0.00"
"2021-03-19 14:24:36","53.69","27.17","76.00","100.00","0.00"
"2021-03-19 14:24:38","53.53","27.17","76.00","100.00","0.00"
"2021-03-19 14:24:39","53.53","27.17","76.00","100.00","0.00"
"2021-03-19 14:24:40","53.43","27.17","76.00","100.00","0.00"
"2021-03-19 14:24:41","53.43","27.17","76.00","100.00","0.00"
"2021-03-19 14:24:43","53.95","27.17","76.00","100.00","0.00"
"2021-03-19 14:24:44","51.50","27.17","76.00","100.00","0.00"
"2021-03-19 14:24:45","51.50","27.17","76.00","100.00","0.00"
"2021-03-19 14:24:46","50.53","27.17","76.00","100.00","0.00"
"2021-03-19 14:24:47","50.53","27.18","76.00","100.00","0.00"
"2021-03-19 14:24:49","50.89","27.18","76.00","100.00","0.00"
"2021-03-19 14:24:50","50.89","27.18","76.00","100.00","0.00"
"2021-03-19 14:24:51","52.11","27.18","76.00","100.00","0.00"
"2021-03-19 14:24:52","52.43","27.18","76.00","100.00","0.00"
"2021-03-19 14:24:53","52.43","27.18","76.00","100.00","0.00"
"2021-03-19 14:24:55","54.21","27.18","76.00","100.00","0.00"
"2021-03-19 14:24:56","54.21","27.18","76.00","100.00","0.00"
"2021-03-19 14:24:57","55.08","27.18","76.00","100.00","0.00"
"2021-03-19 14:24:58","55.56","27.18","76.00","100.00","0.00"
"2021-03-19 14:24:59","55.56","27.18","76.00","100.00","0.00"
"2021-03-19 14:25:01","55.01","27.18","76.00","100.00","0.00"
"2021-03-19 14:25:02","55.01","27.18","76.00","100.00","0.00"
"2021-03-19 14:25:03","54.69","27.18","76.00","100.00","0.00"
"2021-03-19 14:25:04","54.50","27.18","76.00","100.00","0.00"
"2021-03-19 14:25:06","54.50","27.18","76.00","100.00","0.00"
"2021-03-19 14:25:07","54.27","27.18","76.00","100.00","0.00"
"2021-03-19 14:25:08","54.27","27.18","76.00","100.00","0.00"
"2021-03-19 14:25:09","54.72","27.19","76.00","100.00","0.00"
"2021-03-19 14:25:10","54.72","27.19","76.00","100.00","0.00"
"2021-03-19 14:25:12","54.33","27.19","76.00","100.00","0.00"
"2021-03-19 14:25:13","55.30","27.19","76.00","100.00","0.00"
"2021-03-19 14:25:14","55.30","27.19","76.00","100.00","0.00"
"2021-03-19 14:25:15","56.14","27.19","76.00","100.00","0.00"
"2021-03-19 14:25:16","56.14","27.19","76.00","100.00","0.00"
"2021-03-19 14:25:18","56.49","27.19","76.00","100.00","0.00"
"2021-03-19 14:25:19","56.36","27.19","76.00","100.00","0.00"
"2021-03-19 14:25:20","56.36","27.19","76.00","100.00","0.00"
"2021-03-19 14:25:21","57.23","27.19","76.00","100.00","0.00"
"2021-03-19 14:25:22","57.23","27.19","76.00","100.00","0.00"
"2021-03-19 14:25:24","56.75","27.19","76.00","100.00","0.00"
"2021-03-19 14:25:25","56.17","27.19","76.00","100.00","0.00"
"2021-03-19 14:25:26","56.17","27.19","76.00","100.00","0.00"
"2021-03-19 14:25:27","56.33","27.20","76.00","100.00","0.00"
"2021-03-19 14:25:29","56.33","27.20","76.00","100.00","0.00"
"2021-03-19 14:25:30","57.30","27.20","76.00","100.00","0.00"
"2021-03-19 14:25:31","57.30","27.20","76.00","100.00","0.00"
"2021-03-19 14:25:32","58.01","27.20","76.00","100.00","0.00"
"2021-03-19 14:25:33","58.14","27.20","76.00","100.00","0.00"
"2021-03-19 14:25:35","58.14","27.20","76.00","100.00","0.00"
"2021-03-19 14:25:36","58.10","27.20","76.00","100.00","0.00"
"2021-03-19 14:25:37","58.10","27.20","76.00","100.00","0.00"
"2021-03-19 14:25:38","58.04","27.20","76.00","100.00","0.00"
"2021-03-19 14:25:39","57.62","27.20","76.00","100.00","0.00"
"2021-03-19 14:25:41","57.62","27.21","76.00","100.00","0.00"
"2021-03-19 14:25:42","57.52","27.21","76.00","100.00","0.00"
"2021-03-19 14:25:43","57.52","27.21","76.00","100.00","0.00"
"2021-03-19 14:25:44","57.98","27.21","76.00","100.00","0.00"
"2021-03-19 14:25:46","58.65","27.21","76.00","100.00","0.00"
"2021-03-19 14:25:47","58.65","27.21","76.00","100.00","0.00"
"2021-03-19 14:25:48","58.85","27.21","76.00","100.00","0.00"
"2021-03-19 14:25:49","58.85","27.21","76.00","100.00","0.00"
"2021-03-19 14:25:50","59.36","27.21","76.00","100.00","0.00"
"2021-03-19 14:25:52","59.36","27.21","76.00","100.00","0.00"
"2021-03-19 14:25:53","59.65","27.21","76.00","100.00","0.00"
"2021-03-19 14:25:54","59.84","27.21","76.00","100.00","0.00"
"2021-03-19 14:25:55","59.84","27.22","76.00","100.00","0.00"
"2021-03-19 14:25:56","60.59","27.22","76.00","100.00","0.00"
"2021-03-19 14:25:58","60.59","27.22","76.00","100.00","0.00"
"2021-03-19 14:25:59","61.42","27.22","76.00","100.00","0.00"
"2021-03-19 14:26:00","60.55","27.22","76.00","100.00","0.00"
"2021-03-19 14:26:01","60.55","27.22","76.00","100.00","0.00"
"2021-03-19 14:26:02","60.04","27.22","76.00","100.00","0.00"
"2021-03-19 14:26:04","60.04","27.22","76.00","100.00","0.00"
"2021-03-19 14:26:05","60.39","27.22","76.00","100.00","0.00"
"2021-03-19 14:26:06","60.55","27.22","76.00","100.00","0.00"
"2021-03-19 14:26:07","60.55","27.22","76.00","100.00","0.00"
"2021-03-19 14:26:09","59.20","27.22","76.00","100.00","0.00"
"2021-03-19 14:26:10","59.20","27.22","76.00","100.00","0.00"
"2021-03-19 14:26:11","60.07","27.23","76.00","100.00","0.00"
"2021-03-19 14:26:12","60.07","27.23","76.00","100.00","0.00"
"2021-03-19 14:26:13","60.55","27.23","76.00","100.00","0.00"
"2021-03-19 14:26:15","60.07","27.23","76.00","100.00","0.00"
"2021-03-19 14:26:16","60.07","27.23","76.00","100.00","0.00"
"2021-03-19 14:26:17","60.07","27.23","76.00","100.00","0.00"
"2021-03-19 14:26:18","60.07","27.23","76.00","100.00","0.00"
"2021-03-19 14:26:19","61.71","27.23","76.00","100.00","0.00"
"2021-03-19 14:26:21","61.91","27.23","76.00","100.00","0.00"
"2021-03-19 14:26:22","61.91","27.23","76.00","100.00","0.00"
"2021-03-19 14:26:23","62.49","27.23","76.00","100.00","0.00"
"2021-03-19 14:26:24","62.49","27.23","76.00","100.00","0.00"
"2021-03-19 14:26:25","61.97","27.23","76.00","100.00","0.00"
"2021-03-19 14:26:27","62.33","27.22","76.00","100.00","0.00"
"2021-03-19 14:26:28","62.33","27.22","76.00","100.00","0.00"
"2021-03-19 14:26:29","62.10","27.22","76.00","100.00","0.00"
"2021-03-19 14:26:30","62.10","27.22","76.00","100.00","0.00"
"2021-03-19 14:26:32","62.07","27.22","76.00","100.00","0.00"
"2021-03-19 14:26:33","62.07","27.22","76.00","100.00","0.00"
"2021-03-19 14:26:34","61.75","27.22","76.00","100.00","0.00"
"2021-03-19 14:26:35","62.10","27.22","76.00","100.00","0.00"
"2021-03-19 14:26:36","62.10","27.22","76.00","100.00","0.00"
"2021-03-19 14:26:38","61.52","27.22","76.00","100.00","0.00"
"2021-03-19 14:26:39","61.52","27.22","76.00","100.00","0.00"
"2021-03-19 14:26:40","62.36","27.22","76.00","100.00","0.00"
"2021-03-19 14:26:41","62.39","27.22","76.00","100.00","0.00"
"2021-03-19 14:26:42","62.39","27.22","76.00","100.00","0.00"
"2021-03-19 14:26:44","62.58","27.22","76.00","100.00","0.00"
"2021-03-19 14:26:45","62.58","27.22","76.00","100.00","0.00"
"2021-03-19 14:26:46","65.71","27.22","76.00","100.00","0.00"
"2021-03-19 14:26:47","66.58","27.22","76.00","100.00","0.00"
"2021-03-19 14:26:48","66.58","27.22","76.00","100.00","0.00"
"2021-03-19 14:26:50","65.55","27.22","76.00","100.00","0.00"
"2021-03-19 14:26:51","65.55","27.22","76.00","100.00","0.00"
"2021-03-19 14:26:52","66.35","27.22","76.00","100.00","0.00"
"2021-03-19 14:26:53","66.35","27.22","76.00","100.00","0.00"
"2021-03-19 14:26:55","65.90","27.23","76.00","100.00","0.00"
"2021-03-19 14:26:56","64.55","27.23","76.00","100.00","0.00"
"2021-03-19 14:26:57","64.55","27.23","76.00","100.00","0.00"
"2021-03-19 14:26:58","65.45","27.23","76.00","100.00","0.00"
"2021-03-19 14:26:59","65.45","27.23","76.00","100.00","0.00"
"2021-03-19 14:27:01","66.29","27.23","76.00","100.00","0.00"
"2021-03-19 14:27:02","66.10","27.23","76.00","100.00","0.00"
"2021-03-19 14:27:03","66.10","27.23","76.00","100.00","0.00"
"2021-03-19 14:27:04","66.55","27.23","78.00","100.00","0.00"
"2021-03-19 14:27:05","66.55","27.23","78.00","100.00","0.00"
"2021-03-19 14:27:07","67.06","27.23","78.00","100.00","0.00"
"2021-03-19 14:27:08","66.45","27.23","78.00","100.00","0.00"
"2021-03-19 14:27:09","66.45","27.23","78.00","100.00","0.00"
"2021-03-19 14:27:10","65.94","27.23","78.00","100.00","0.00"
"2021-03-19 14:27:11","65.94","27.23","78.00","100.00","0.00"
"2021-03-19 14:27:13","65.36","27.23","78.00","100.00","0.00"
"2021-03-19 14:27:14","65.36","27.24","78.00","100.00","0.00"
"2021-03-19 14:27:15","65.68","27.24","78.00","100.00","0.00"
"2021-03-19 14:27:16","64.81","27.24","78.00","100.00","0.00"
"2021-03-19 14:27:18","64.81","27.24","78.00","100.00","0.00"
"2021-03-19 14:27:19","64.81","27.23","78.00","100.00","0.00"
"2021-03-19 14:27:20","64.81","27.23","78.00","100.00","0.00"
"2021-03-19 14:27:21","65.55","27.23","78.00","100.00","0.00"
"2021-03-19 14:27:22","66.35","27.23","78.00","100.00","0.00"
"2021-03-19 14:27:24","66.35","27.23","78.00","100.00","0.00"
"2021-03-19 14:27:25","67.16","27.23","78.00","100.00","0.00"
"2021-03-19 14:27:26","67.16","27.23","78.00","100.00","0.00"
"2021-03-19 14:27:27","67.64","27.23","78.00","100.00","0.00"
"2021-03-19 14:27:28","67.16","27.24","78.00","100.00","0.00"
"2021-03-19 14:27:30","67.16","27.24","78.00","100.00","0.00"
"2021-03-19 14:27:31","67.87","27.24","78.00","100.00","0.00"
"2021-03-19 14:27:32","67.87","27.24","78.00","100.00","0.00"
"2021-03-19 14:27:33","68.74","27.24","78.00","100.00","0.00"
"2021-03-19 14:27:34","68.74","27.24","78.00","100.00","0.00"
"2021-03-19 14:27:36","68.64","27.24","78.00","100.00","0.00"
"2021-03-19 14:27:37","68.38","27.24","78.00","100.00","0.00"
"2021-03-19 14:27:38","68.38","27.24","78.00","100.00","0.00"
"2021-03-19 14:27:39","70.29","27.24","78.00","100.00","0.00"
"2021-03-19 14:27:41","70.29","27.25","78.00","100.00","0.00"
"2021-03-19 14:27:42","70.58","27.25","78.00","100.00","0.00"
"2021-03-19 14:27:43","69.29","27.25","78.00","100.00","0.00"
"2021-03-19 14:27:44","69.29","27.25","78.00","100.00","0.00"
"2021-03-19 14:27:45","69.06","27.25","78.00","100.00","0.00"
"2021-03-19 14:27:47","69.06","27.25","78.00","100.00","0.00"
"2021-03-19 14:27:48","69.58","27.25","78.00","100.00","0.00"
"2021-03-19 14:27:49","69.22","27.25","78.00","100.00","0.00"
"2021-03-19 14:27:50","69.22","27.25","78.00","100.00","0.00"
"2021-03-19 14:27:51","68.87","27.25","78.00","100.00","0.00"
"2021-03-19 14:27:53","68.87","27.25","78.00","100.00","0.00"
"2021-03-19 14:27:54","70.51","27.25","78.00","100.00","0.00"
"2021-03-19 14:27:55","70.90","27.25","78.00","100.00","0.00"
"2021-03-19 14:27:56","70.90","27.25","78.00","100.00","0.00"
"2021-03-19 14:27:58","71.38","27.26","78.00","100.00","0.00"
"2021-03-19 14:27:59","71.38","27.26","78.00","100.00","0.00"
"2021-03-19 14:28:00","70.64","27.26","78.00","100.00","0.00"
"2021-03-19 14:28:01","70.64","27.26","78.00","100.00","0.00"
"2021-03-19 14:28:02","70.25","27.26","78.00","100.00","0.00"
"2021-03-19 14:28:04","70.06","27.26","78.00","100.00","0.00"
"2021-03-19 14:28:05","70.06","27.26","78.00","100.00","0.00"
"2021-03-19 14:28:06","70.42","27.26","78.00","100.00","0.00"
"2021-03-19 14:28:07","70.42","27.26","78.00","100.00","0.00"
"2021-03-19 14:28:08","70.51","27.26","78.00","100.00","0.00"
"2021-03-19 14:28:10","70.77","27.26","78.00","100.00","0.00"
"2021-03-19 14:28:11","70.77","27.26","78.00","100.00","0.00"
"2021-03-19 14:28:12","69.64","27.26","78.00","100.00","0.00"
"2021-03-19 14:28:13","69.64","27.26","78.00","100.00","0.00"
"2021-03-19 14:28:14","68.67","27.26","78.00","100.00","0.00"
"2021-03-19 14:28:16","68.35","27.26","78.00","100.00","0.00"
"2021-03-19 14:28:17","68.35","27.26","78.00","100.00","0.00"
"2021-03-19 14:28:18","67.58","27.26","78.00","100.00","0.00"
"2021-03-19 14:28:19","67.58","27.26","78.00","100.00","0.00"
"2021-03-19 14:28:21","68.26","27.26","78.00","100.00","0.00"
"2021-03-19 14:28:22","68.26","27.26","78.00","100.00","0.00"
"2021-03-19 14:28:23","70.16","27.27","78.00","100.00","0.00"
"2021-03-19 14:28:24","71.58","27.27","78.00","100.00","0.00"
"2021-03-19 14:28:25","71.58","27.27","78.00","100.00","0.00"
"2021-03-19 14:28:27","71.48","27.27","78.00","100.00","0.00"
"2021-03-19 14:28:28","71.48","27.27","78.00","100.00","0.00"
"2021-03-19 14:28:29","72.16","27.27","78.00","100.00","0.00"
"2021-03-19 14:28:30","71.16","27.27","78.00","100.00","0.00"
"2021-03-19 14:28:31","71.16","27.27","78.00","100.00","0.00"
"2021-03-19 14:28:33","71.25","27.27","78.00","100.00","0.00"
"2021-03-19 14:28:34","71.25","27.27","78.00","100.00","0.00"
"2021-03-19 14:28:35","70.90","27.27","78.00","100.00","0.00"
"2021-03-19 14:28:36","71.58","27.27","78.00","100.00","0.00"
"2021-03-19 14:28:37","71.58","27.27","78.00","100.00","0.00"
"2021-03-19 14:28:39","72.25","27.27","78.00","100.00","0.00"
"2021-03-19 14:28:40","72.25","27.27","78.00","100.00","0.00"
"2021-03-19 14:28:41","73.12","27.27","78.00","100.00","0.00"
"2021-03-19 14:28:42","73.12","27.27","78.00","100.00","0.00"
"2021-03-19 14:28:44","73.54","27.27","78.00","100.00","0.00"
"2021-03-19 14:28:45","73.61","27.27","78.00","100.00","0.00"
"2021-03-19 14:28:46","73.61","27.27","78.00","100.00","0.00"
"2021-03-19 14:28:47","73.64","27.28","78.00","100.00","0.00"
"2021-03-19 14:28:48","73.64","27.28","78.00","100.00","0.00"
"2021-03-19 14:28:50","73.19","27.28","78.00","100.00","0.00"
"2021-03-19 14:28:51","73.19","27.28","78.00","100.00","0.00"
"2021-03-19 14:28:52","73.19","27.28","78.00","100.00","0.00"
"2021-03-19 14:28:53","73.09","27.28","78.00","100.00","0.00"
"2021-03-19 14:28:54","73.09","27.28","78.00","100.00","0.00"
"2021-03-19 14:28:56","73.38","27.28","78.00","100.00","0.00"
"2021-03-19 14:28:57","73.19","27.28","78.00","100.00","0.00"
"2021-03-19 14:28:58","73.19","27.29","78.00","100.00","0.00"
"2021-03-19 14:28:59","73.64","27.29","78.00","100.00","0.00"
"2021-03-19 14:29:00","73.64","27.29","78.00","100.00","0.00"
"2021-03-19 14:29:02","74.12","27.29","78.00","100.00","0.00"
"2021-03-19 14:29:03","74.12","27.29","78.00","100.00","0.00"
"2021-03-19 14:29:04","74.38","27.29","78.00","100.00","0.00"
"2021-03-19 14:29:05","74.48","27.29","78.00","100.00","0.00"
"2021-03-19 14:29:07","74.48","27.29","78.00","100.00","0.00"
"2021-03-19 14:29:08","75.09","27.29","78.00","100.00","0.00"
"2021-03-19 14:29:09","75.09","27.29","78.00","100.00","0.00"
"2021-03-19 14:29:10","75.41","27.29","78.00","100.00","0.00"
"2021-03-19 14:29:11","75.28","27.29","78.00","100.00","0.00"
"2021-03-19 14:29:13","75.28","27.29","78.00","100.00","0.00"
"2021-03-19 14:29:14","74.60","27.29","78.00","100.00","0.00"
"2021-03-19 14:29:15","74.60","27.29","78.00","100.00","0.00"
"2021-03-19 14:29:16","74.99","27.29","78.00","100.00","0.00"
"2021-03-19 14:29:17","74.89","27.30","78.00","100.00","0.00"
"2021-03-19 14:29:19","74.89","27.30","78.00","100.00","0.00"
"2021-03-19 14:29:20","74.25","27.30","78.00","100.00","0.00"
"2021-03-19 14:29:21","74.25","27.30","78.00","100.00","0.00"
"2021-03-19 14:29:22","74.77","27.30","78.00","100.00","0.00"
"2021-03-19 14:29:23","74.96","27.30","78.00","100.00","0.00"
"2021-03-19 14:29:25","74.96","27.30","78.00","100.00","0.00"
"2021-03-19 14:29:26","74.60","27.30","78.00","100.00","0.00"
"2021-03-19 14:29:27","74.60","27.31","78.00","100.00","0.00"
"2021-03-19 14:29:28","74.44","27.31","78.00","100.00","0.00"
"2021-03-19 14:29:30","74.44","27.31","78.00","100.00","0.00"
"2021-03-19 14:29:31","73.57","27.31","78.00","100.00","0.00"
"2021-03-19 14:29:32","73.57","27.31","78.00","100.00","0.00"
"2021-03-19 14:29:33","73.57","27.31","78.00","100.00","0.00"
"2021-03-19 14:29:34","74.60","27.31","78.00","100.00","0.00"
"2021-03-19 14:29:36","74.60","27.31","78.00","100.00","0.00"
"2021-03-19 14:29:37","75.06","27.31","78.00","100.00","0.00"
"2021-03-19 14:29:38","75.51","27.32","78.00","100.00","0.00"
"2021-03-19 14:29:39","75.51","27.32","78.00","100.00","0.00"
"2021-03-19 14:29:40","77.05","27.32","78.00","96.00","0.00"
"2021-03-19 14:29:42","77.05","27.32","78.00","100.00","0.00"
"2021-03-19 14:29:43","77.12","27.32","78.00","100.00","0.00"
"2021-03-19 14:29:44","77.34","27.32","78.00","100.00","0.00"
"2021-03-19 14:29:45","77.34","27.32","78.00","100.00","0.00"
"2021-03-19 14:29:46","77.05","27.32","78.00","100.00","0.00"
"2021-03-19 14:29:48","77.05","27.32","78.00","100.00","0.00"
"2021-03-19 14:29:49","77.57","27.32","78.00","99.00","0.00"
"2021-03-19 14:29:50","77.57","27.32","78.00","100.00","0.00"
"2021-03-19 14:29:51","80.50","27.32","78.00","70.00","0.00"
"2021-03-19 14:29:53","81.02","27.32","78.00","76.00","0.00"
"2021-03-19 14:29:54","81.02","27.32","78.00","76.00","0.00"
"2021-03-19 14:29:55","80.73","27.32","78.00","76.00","0.00"
"2021-03-19 14:29:56","80.73","27.32","78.00","72.00","0.00"
"2021-03-19 14:29:57","80.50","27.32","78.00","72.00","0.00"
"2021-03-19 14:29:59","80.41","27.32","78.00","69.00","0.00"
"2021-03-19 14:30:00","80.41","27.32","78.00","66.00","0.00"
"2021-03-19 14:30:01","76.99","27.32","78.00","100.00","0.00"
"2021-03-19 14:30:02","76.99","27.33","78.00","85.00","0.00"
"2021-03-19 14:30:03","76.96","27.33","78.00","87.00","0.00"
"2021-03-19 14:30:05","77.47","27.33","78.00","82.00","0.00"
"2021-03-19 14:30:06","77.47","27.33","78.00","85.00","0.00"
"2021-03-19 14:30:07","78.50","27.33","78.00","74.00","0.00"
"2021-03-19 14:30:08","78.50","27.32","78.00","79.00","0.00"
"2021-03-19 14:30:10","78.83","27.32","78.00","75.00","0.00"
"2021-03-19 14:30:11","78.83","27.32","78.00","76.00","0.00"
"2021-03-19 14:30:12","79.73","27.32","78.00","65.00","0.00"
"2021-03-19 14:30:13","79.31","27.32","78.00","72.00","0.00"
"2021-03-19 14:30:14","79.31","27.32","78.00","69.00","0.00"
"2021-03-19 14:30:16","78.41","27.32","78.00","77.00","0.00"
"2021-03-19 14:30:17","78.41","27.32","78.00","72.00","0.00"
"2021-03-19 14:30:18","78.38","27.32","78.00","72.00","0.00"
"2021-03-19 14:30:19","77.83","27.31","78.00","78.00","0.00"
"2021-03-19 14:30:20","77.83","27.31","78.00","75.00","0.00"
"2021-03-19 14:30:22","78.12","27.31","78.00","72.00","0.00"
"2021-03-19 14:30:23","78.12","27.31","78.00","74.00","0.00"
"2021-03-19 14:30:24","78.25","27.31","78.00","72.00","0.00"
"2021-03-19 14:30:25","79.02","27.31","78.00","64.00","0.00"
"2021-03-19 14:30:26","79.02","27.31","78.00","67.00","0.00"
"2021-03-19 14:30:28","79.05","27.31","78.00","65.00","0.00"
"2021-03-19 14:30:29","79.05","27.31","78.00","65.00","0.00"
"2021-03-19 14:30:30","78.54","27.31","78.00","69.00","0.00"
"2021-03-19 14:30:31","78.54","27.32","78.00","66.00","0.00"
"2021-03-19 14:30:33","78.05","27.32","78.00","71.00","0.00"
"2021-03-19 14:30:34","78.60","27.32","78.00","62.00","0.00"
"2021-03-19 14:30:35","78.60","27.32","78.00","65.00","0.00"
"2021-03-19 14:30:36","78.92","27.32","78.00","60.00","0.00"
"2021-03-19 14:30:37","78.92","27.32","78.00","61.00","0.00"
"2021-03-19 14:30:39","79.05","27.32","78.00","59.00","0.00"
"2021-03-19 14:30:40","81.08","27.32","78.00","36.00","0.00"
"2021-03-19 14:30:41","81.08","27.32","78.00","43.00","0.00"
"2021-03-19 14:30:42","82.18","27.32","78.00","28.00","0.00"
"2021-03-19 14:30:43","82.18","27.32","78.00","29.00","0.00"
"2021-03-19 14:30:45","80.95","27.32","78.00","39.00","0.00"
"2021-03-19 14:30:46","80.73","27.32","78.00","32.00","0.00"
"2021-03-19 14:30:47","80.73","27.32","78.00","28.00","0.00"
"2021-03-19 14:30:48","80.44","27.32","78.00","29.00","0.00"
"2021-03-19 14:30:49","80.44","27.32","78.00","25.00","0.00"
"2021-03-19 14:30:51","79.50","27.33","78.00","32.00","0.00"
"2021-03-19 14:30:52","77.67","27.33","78.00","46.00","0.00"
"2021-03-19 14:30:53","77.67","27.33","78.00","38.00","0.00"
"2021-03-19 14:30:54","78.12","27.33","78.00","33.00","0.00"
"2021-03-19 14:30:56","78.12","27.33","78.00","35.00","0.00"
"2021-03-19 14:30:57","77.79","27.33","78.00","39.00","0.00"
"2021-03-19 14:30:58","77.79","27.33","78.00","37.00","0.00"
"2021-03-19 14:30:59","78.99","27.33","78.00","24.00","0.00"
"2021-03-19 14:31:00","78.96","27.33","78.00","30.00","0.00"
"2021-03-19 14:31:02","78.96","27.33","78.00","28.00","0.00"
"2021-03-19 14:31:03","79.76","27.34","78.00","19.00","0.00"
"2021-03-19 14:31:04","79.76","27.34","78.00","21.00","0.00"
"2021-03-19 14:31:05","80.82","27.34","78.00","7.00","0.00"
"2021-03-19 14:31:06","80.99","27.34","78.00","8.00","0.00"
"2021-03-19 14:31:08","80.99","27.34","78.00","6.00","0.00"
"2021-03-19 14:31:09","79.73","27.34","78.00","17.00","0.00"
"2021-03-19 14:31:10","79.73","27.34","78.00","9.00","0.00"
"2021-03-19 14:31:11","78.41","27.34","78.00","22.00","0.00"
"2021-03-19 14:31:12","77.96","27.34","78.00","20.00","0.00"
"2021-03-19 14:31:14","77.96","27.34","78.00","17.00","0.00"
"2021-03-19 14:31:15","77.63","27.34","42.00","0.00","-100.00"
"2021-03-19 14:31:16","77.63","27.34","42.00","0.00","-100.00"
"2021-03-19 14:31:17","77.79","27.34","42.00","0.00","-100.00"
"2021-03-19 14:31:19","77.79","27.34","42.00","0.00","-100.00"
"2021-03-19 14:31:20","77.83","27.34","42.00","0.00","-100.00"
"2021-03-19 14:31:21","78.21","27.34","42.00","0.00","-100.00"
"2021-03-19 14:31:22","78.21","27.34","42.00","0.00","-100.00"
"2021-03-19 14:31:23","77.38","27.34","42.00","0.00","-100.00"
"2021-03-19 14:31:25","77.38","27.34","42.00","0.00","-100.00"
"2021-03-19 14:31:26","76.25","27.34","42.00","0.00","-100.00"
"2021-03-19 14:31:27","75.22","27.33","42.00","0.00","-100.00"
"2021-03-19 14:31:28","75.22","27.33","42.00","0.00","-100.00"
"2021-03-19 14:31:29","74.51","27.33","42.00","0.00","-100.00"
"2021-03-19 14:31:31","74.51","27.33","42.00","0.00","-100.00"
"2021-03-19 14:31:32","73.90","27.33","42.00","0.00","-100.00"
"2021-03-19 14:31:33","73.86","27.33","42.00","0.00","-100.00"
"2021-03-19 14:31:34","73.86","27.33","42.00","0.00","-100.00"
"2021-03-19 14:31:35","73.35","27.33","42.00","0.00","-100.00"
"2021-03-19 14:31:37","73.35","27.32","42.00","0.00","-100.00"
"2021-03-19 14:31:38","70.58","27.32","42.00","0.00","-100.00"
"2021-03-19 14:31:39","70.58","27.32","42.00","0.00","-100.00"
"2021-03-19 14:31:40","70.00","27.32","42.00","0.00","-100.00"
"2021-03-19 14:31:42","69.67","27.32","42.00","0.00","-100.00"
"2021-03-19 14:31:43","69.67","27.32","42.00","0.00","-100.00"
"2021-03-19 14:31:44","68.09","27.32","42.00","0.00","-100.00"
"2021-03-19 14:31:45","68.09","27.32","42.00","0.00","-100.00"
"2021-03-19 14:31:46","67.00","27.31","42.00","0.00","-100.00"
"2021-03-19 14:31:48","68.13","27.31","42.00","0.00","-100.00"
"2021-03-19 14:31:49","68.13","27.31","42.00","0.00","-100.00"
"2021-03-19 14:31:50","67.71","27.31","42.00","0.00","-100.00"
"2021-03-19 14:31:51","67.71","27.31","42.00","0.00","-100.00"
"2021-03-19 14:31:52","67.51","27.30","42.00","0.00","-100.00"
"2021-03-19 14:31:54","68.42","27.30","42.00","0.00","-100.00"
"2021-03-19 14:31:55","68.42","27.30","42.00","0.00","-100.00"
"2021-03-19 14:31:56","68.67","27.30","42.00","0.00","-100.00"
"2021-03-19 14:31:57","68.67","27.30","42.00","0.00","-100.00"
"2021-03-19 14:31:59","67.93","27.30","42.00","0.00","-100.00"
"2021-03-19 14:32:00","67.93","27.29","42.00","0.00","-100.00"
"2021-03-19 14:32:01","66.97","27.29","42.00","0.00","-100.00"
"2021-03-19 14:32:02","65.52","27.29","42.00","0.00","-100.00"
"2021-03-19 14:32:03","65.52","27.29","42.00","0.00","-100.00"
"2021-03-19 14:32:05","62.94","27.29","42.00","0.00","-100.00"
"2021-03-19 14:32:06","62.94","27.29","42.00","0.00","-100.00"
"2021-03-19 14:32:07","62.26","27.28","42.00","0.00","-100.00"
"2021-03-19 14:32:08","62.04","27.28","42.00","0.00","-100.00"
"2021-03-19 14:32:09","62.04","27.28","42.00","0.00","-100.00"
"2021-03-19 14:32:11","61.13","27.28","42.00","0.00","-100.00"
"2021-03-19 14:32:12","61.13","27.28","42.00","0.00","-100.00"
"2021-03-19 14:32:13","61.55","27.28","42.00","0.00","-100.00"
"2021-03-19 14:32:14","62.84","27.28","42.00","0.00","-100.00"
"2021-03-19 14:32:15","62.84","27.28","42.00","0.00","-100.00"
"2021-03-19 14:32:17","62.10","27.28","42.00","0.00","-100.00"
"2021-03-19 14:32:18","62.10","27.28","42.00","0.00","-100.00"
"2021-03-19 14:32:19","62.04","27.28","42.00","0.00","-100.00"
"2021-03-19 14:32:20","62.04","27.28","42.00","0.00","-100.00"
"2021-03-19 14:32:22","62.23","27.28","42.00","0.00","-100.00"
"2021-03-19 14:32:23","61.36","27.28","42.00","0.00","-100.00"
"2021-03-19 14:32:24","61.36","27.28","42.00","0.00","-100.00"
"2021-03-19 14:32:25","60.04","27.28","42.00","0.00","-100.00"
"2021-03-19 14:32:26","60.04","27.28","42.00","0.00","-100.00"
"2021-03-19 14:32:28","59.26","27.28","42.00","0.00","-100.00"
"2021-03-19 14:32:29","58.81","27.28","42.00","0.00","-100.00"
"2021-03-19 14:32:30","58.81","27.28","42.00","0.00","-100.00"
"2021-03-19 14:32:31","57.91","27.28","42.00","0.00","-100.00"
"2021-03-19 14:32:32","57.91","27.28","42.00","0.00","-100.00"
"2021-03-19 14:32:34","57.43","27.28","42.00","0.00","-100.00"
"2021-03-19 14:32:35","57.65","27.28","42.00","0.00","-100.00"
"2021-03-19 14:32:36","57.65","27.28","42.00","0.00","-100.00"
"2021-03-19 14:32:37","57.59","27.28","42.00","0.00","-100.00"
"2021-03-19 14:32:38","57.59","27.28","42.00","0.00","-100.00"
"2021-03-19 14:32:40","57.43","27.28","42.00","0.00","-100.00"
"2021-03-19 14:32:41","57.43","27.28","42.00","0.00","-100.00"
"2021-03-19 14:32:42","57.17","27.28","42.00","0.00","-100.00"
"2021-03-19 14:32:43","57.49","27.28","42.00","0.00","-100.00"
"2021-03-19 14:32:45","57.49","27.29","42.00","0.00","-100.00"
"2021-03-19 14:32:46","56.88","27.28","42.00","0.00","-100.00"
"2021-03-19 14:32:47","56.88","27.29","42.00","0.00","-100.00"
"2021-03-19 14:32:48","56.56","27.29","42.00","0.00","-100.00"
"2021-03-19 14:32:49","54.69","27.29","42.00","0.00","-100.00"
"2021-03-19 14:32:51","54.69","27.29","42.00","0.00","-100.00"
"2021-03-19 14:32:52","54.11","27.29","42.00","0.00","-100.00"
"2021-03-19 14:32:53","54.11","27.29","42.00","0.00","-100.00"
"2021-03-19 14:32:54","53.40","27.29","42.00","0.00","-100.00"
"2021-03-19 14:32:55","53.82","27.29","42.00","0.00","-100.00"
"2021-03-19 14:32:57","53.82","27.29","42.00","0.00","-100.00"
"2021-03-19 14:32:58","53.85","27.29","42.00","0.00","-100.00"
"2021-03-19 14:32:59","53.85","27.29","42.00","0.00","-100.00"
"2021-03-19 14:33:00","50.24","27.29","42.00","0.00","-100.00"
"2021-03-19 14:33:01","50.47","27.29","42.00","0.00","-100.00"
"2021-03-19 14:33:03","50.47","27.29","42.00","0.00","-100.00"
"2021-03-19 14:33:04","50.14","27.29","42.00","0.00","-100.00"
"2021-03-19 14:33:05","50.14","27.29","42.00","0.00","-100.00"
"2021-03-19 14:33:06","49.02","27.29","42.00","0.00","-100.00"
"2021-03-19 14:33:08","49.02","27.28","42.00","0.00","-100.00"
"2021-03-19 14:33:09","47.53","27.28","42.00","0.00","-100.00"
"2021-03-19 14:33:10","51.66","27.28","42.00","0.00","-100.00"
"2021-03-19 14:33:11","51.66","27.28","42.00","0.00","-100.00"
"2021-03-19 14:33:12","51.27","27.28","42.00","0.00","-100.00"
"2021-03-19 14:33:14","51.27","27.28","42.00","0.00","-100.00"
"2021-03-19 14:33:15","50.43","27.28","42.00","0.00","-100.00"
"2021-03-19 14:33:16","50.14","27.28","42.00","0.00","-100.00"
"2021-03-19 14:33:17","50.14","27.28","42.00","0.00","-100.00"
"2021-03-19 14:33:18","51.11","27.28","42.00","0.00","-100.00"
"2021-03-19 14:33:20","51.11","27.28","42.00","0.00","-100.00"
"2021-03-19 14:33:21","50.82","27.28","42.00","0.00","-100.00"
"2021-03-19 14:33:22","50.56","27.28","42.00","0.00","-100.00"
"2021-03-19 14:33:23","50.56","27.28","42.00","0.00","-100.00"
"2021-03-19 14:33:25","50.60","27.28","42.00","0.00","-100.00"
"2021-03-19 14:33:26","50.60","27.28","42.00","0.00","-100.00"
"2021-03-19 14:33:27","50.05","27.27","42.00","0.00","-100.00"
"2021-03-19 14:33:28","50.05","27.27","42.00","0.00","-100.00"
"2021-03-19 14:33:29","49.31","27.27","42.00","0.00","-100.00"
"2021-03-19 14:33:31","49.34","27.27","42.00","0.00","-100.00"
"2021-03-19 14:33:32","49.34","27.27","42.00","0.00","-100.00"
"2021-03-19 14:33:33","48.89","27.27","42.00","0.00","-100.00"
"2021-03-19 14:33:34","48.89","27.27","42.00","0.00","-100.00"
"2021-03-19 14:33:35","48.34","27.27","42.00","0.00","-100.00"
"2021-03-19 14:33:37","48.98","27.27","42.00","0.00","-100.00"
"2021-03-19 14:33:38","48.98","27.27","42.00","0.00","-100.00"
"2021-03-19 14:33:39","48.98","27.27","42.00","0.00","-100.00"
"2021-03-19 14:33:40","48.98","27.27","42.00","0.00","-100.00"
"2021-03-19 14:33:41","48.11","27.27","42.00","0.00","-100.00"
"2021-03-19 14:33:43","48.34","27.27","42.00","0.00","-100.00"
"2021-03-19 14:33:44","48.34","27.27","42.00","0.00","-100.00"
"2021-03-19 14:33:45","48.02","27.27","42.00","0.00","-100.00"
"2021-03-19 14:33:46","48.02","27.27","42.00","0.00","-100.00"
"2021-03-19 14:33:48","44.34","27.27","42.00","0.00","-93.00"
"2021-03-19 14:33:49","43.73","27.26","42.00","0.00","-100.00"
"2021-03-19 14:33:50","43.73","27.26","42.00","0.00","-100.00"
"2021-03-19 14:33:51","43.60","27.26","42.00","0.00","-100.00"
"2021-03-19 14:33:52","43.60","27.26","42.00","0.00","-100.00"
"2021-03-19 14:33:54","42.76","27.26","42.00","0.00","-99.00"
"2021-03-19 14:33:55","42.76","27.26","42.00","0.00","-100.00"
"2021-03-19 14:33:56","43.83","27.26","42.00","0.00","-100.00"
"2021-03-19 14:33:57","47.44","27.26","42.00","0.00","-100.00"
"2021-03-19 14:33:58","47.44","27.26","42.00","0.00","-100.00"
"2021-03-19 14:34:00","47.60","27.26","42.00","0.00","-100.00"
"2021-03-19 14:34:01","47.60","27.26","42.00","0.00","-100.00"
"2021-03-19 14:34:02","47.92","27.26","42.00","0.00","-100.00"
"2021-03-19 14:34:03","47.63","27.26","42.00","0.00","-100.00"
"2021-03-19 14:34:04","47.63","27.25","42.00","0.00","-100.00"
"2021-03-19 14:34:06","46.18","27.25","42.00","0.00","-100.00"
"2021-03-19 14:34:07","46.18","27.26","42.00","0.00","-100.00"
"2021-03-19 14:34:08","45.31","27.26","42.00","0.00","-100.00"
"2021-03-19 14:34:09","44.63","27.25","42.00","0.00","-100.00"
"2021-03-19 14:34:11","44.63","27.25","42.00","0.00","-100.00"
"2021-03-19 14:34:12","44.09","27.25","42.00","0.00","-100.00"
"2021-03-19 14:34:13","44.09","27.25","42.00","0.00","-100.00"
"2021-03-19 14:34:14","44.44","27.25","42.00","0.00","-100.00"
"2021-03-19 14:34:15","44.44","27.25","42.00","0.00","-100.00"
"2021-03-19 14:34:17","43.38","27.25","42.00","0.00","-100.00"
"2021-03-19 14:34:18","43.28","27.25","42.00","0.00","-100.00"
"2021-03-19 14:34:19","43.28","27.25","42.00","0.00","-100.00"
"2021-03-19 14:34:20","42.83","27.25","42.00","0.00","-100.00"
"2021-03-19 14:34:21","42.83","27.25","42.00","0.00","-100.00"
"2021-03-19 14:34:23","41.67","27.25","42.00","0.00","-92.00"
"2021-03-19 14:34:24","40.61","27.25","42.00","0.00","-85.00"
"2021-03-19 14:34:25","40.61","27.25","42.00","0.00","-89.00"
"2021-03-19 14:34:26","42.18","27.25","42.00","0.00","-100.00"
"2021-03-19 14:34:27","42.18","27.25","42.00","0.00","-98.00"
"2021-03-19 14:34:29","42.12","27.25","42.00","0.00","-97.00"
"2021-03-19 14:34:30","42.35","27.25","42.00","0.00","-100.00"
"2021-03-19 14:34:31","42.35","27.25","42.00","0.00","-99.00"
"2021-03-19 14:34:32","43.44","27.25","42.00","0.00","-100.00"
"2021-03-19 14:34:34","43.44","27.25","42.00","0.00","-100.00"
"2021-03-19 14:34:35","42.99","27.25","42.00","0.00","-100.00"
"2021-03-19 14:34:36","42.99","27.25","42.00","0.00","-100.00"
"2021-03-19 14:34:37","43.70","27.25","42.00","0.00","-100.00"
"2021-03-19 14:34:38","42.76","27.25","42.00","0.00","-99.00"
"2021-03-19 14:34:40","42.76","27.25","42.00","0.00","-100.00"
"2021-03-19 14:34:41","42.47","27.25","42.00","0.00","-100.00"
"2021-03-19 14:34:42","42.47","27.25","42.00","0.00","-100.00"
"2021-03-19 14:34:43","42.18","27.25","42.00","0.00","-99.00"
"2021-03-19 14:34:44","41.48","27.25","42.00","0.00","-93.00"
"2021-03-19 14:34:46","41.48","27.25","42.00","0.00","-96.00"
"2021-03-19 14:34:47","40.44","27.25","42.00","0.00","-84.00"
"2021-03-19 14:34:48","40.44","27.25","42.00","0.00","-88.00"
"2021-03-19 14:34:49","40.22","27.25","42.00","0.00","-84.00"
"2021-03-19 14:34:50","39.77","27.25","42.00","0.00","-78.00"
"2021-03-19 14:34:52","39.77","27.25","42.00","0.00","-78.00"
"2021-03-19 14:34:53","39.96","27.25","42.00","0.00","-78.00"
"2021-03-19 14:34:54","39.96","27.25","42.00","0.00","-75.00"
"2021-03-19 14:34:55","41.25","27.25","42.00","0.00","-87.00"
"2021-03-19 14:34:57","41.25","27.25","42.00","0.00","-80.00"
"2021-03-19 14:34:58","40.83","27.25","42.00","0.00","-74.00"
"2021-03-19 14:34:59","41.57","27.24","42.00","0.00","-83.00"
"2021-03-19 14:35:00","41.57","27.24","42.00","0.00","-79.00"
"2021-03-19 14:35:01","41.70","27.24","42.00","0.00","-80.00"
"2021-03-19 14:35:03","41.70","27.24","42.00","0.00","-79.00"
"2021-03-19 14:35:04","41.28","27.24","42.00","0.00","-74.00"
"2021-03-19 14:35:05","41.12","27.25","42.00","0.00","-74.00"
"2021-03-19 14:35:06","41.12","27.24","42.00","0.00","-74.00"
"2021-03-19 14:35:07","44.38","27.25","42.00","0.00","-100.00"
"2021-03-19 14:35:09","44.38","27.25","42.00","0.00","-95.00"
"2021-03-19 14:35:10","42.83","27.25","42.00","0.00","-80.00"
"2021-03-19 14:35:11","43.05","27.25","42.00","0.00","-91.00"
"2021-03-19 14:35:12","43.05","27.25","42.00","0.00","-91.00"
"2021-03-19 14:35:13","42.18","27.25","42.00","0.00","-83.00"
"2021-03-19 14:35:15","42.18","27.25","42.00","0.00","-87.00"
"2021-03-19 14:35:16","42.28","27.25","42.00","0.00","-89.00"
"2021-03-19 14:35:17","42.28","27.24","42.00","0.00","-88.00"
"2021-03-19 14:35:18","38.51","27.24","42.00","0.00","-47.00"
"2021-03-19 14:35:20","39.67","27.24","42.00","0.00","-75.00"
"2021-03-19 14:35:21","39.67","27.24","42.00","0.00","-67.00"
"2021-03-19 14:35:22","39.35","27.24","42.00","0.00","-61.00"
"2021-03-19 14:35:23","39.35","27.24","42.00","0.00","-60.00"
"2021-03-19 14:35:24","39.19","27.24","42.00","0.00","-56.00"
"2021-03-19 14:35:26","38.64","27.24","63.00","100.00","0.00"
"2021-03-19 14:35:27","38.64","27.23","63.00","99.00","0.00"
"2021-03-19 14:35:28","38.00","27.23","63.00","100.00","0.00"
"2021-03-19 14:35:29","38.00","27.23","63.00","100.00","0.00"
"2021-03-19 14:35:30","37.25","27.23","63.00","100.00","0.00"
"2021-03-19 14:35:32","35.96","27.23","63.00","100.00","0.00"
"2021-03-19 14:35:33","35.96","27.23","63.00","100.00","0.00"
"2021-03-19 14:35:34","36.06","27.22","63.00","100.00","0.00"
"2021-03-19 14:35:35","36.06","27.22","63.00","100.00","0.00"
"2021-03-19 14:35:36","35.26","27.22","63.00","100.00","0.00"
"2021-03-19 14:35:38","36.32","27.22","63.00","100.00","0.00"
"2021-03-19 14:35:39","36.32","27.22","63.00","100.00","0.00"
"2021-03-19 14:35:40","37.25","27.22","63.00","100.00","0.00"
"2021-03-19 14:35:41","37.25","27.22","63.00","100.00","0.00"
"2021-03-19 14:35:43","38.06","27.22","63.00","100.00","0.00"
"2021-03-19 14:35:44","38.06","27.22","63.00","100.00","0.00"
"2021-03-19 14:35:45","38.48","27.22","63.00","100.00","0.00"
"2021-03-19 14:35:46","39.67","27.22","63.00","100.00","0.00"
"2021-03-19 14:35:47","39.67","27.22","63.00","100.00","0.00"
"2021-03-19 14:35:49","37.54","27.22","63.00","100.00","0.00"
"2021-03-19 14:35:50","37.54","27.22","63.00","100.00","0.00"
"2021-03-19 14:35:51","37.93","27.22","63.00","100.00","0.00"
"2021-03-19 14:35:52","38.70","27.22","63.00","100.00","0.00"
"2021-03-19 14:35:53","38.70","27.22","63.00","100.00","0.00"
"2021-03-19 14:35:55","38.51","27.22","63.00","100.00","0.00"
"2021-03-19 14:35:56","38.51","27.22","63.00","100.00","0.00"
"2021-03-19 14:35:57","38.54","27.22","63.00","100.00","0.00"
"2021-03-19 14:35:58","40.48","27.22","63.00","100.00","0.00"
"2021-03-19 14:36:00","40.48","27.22","63.00","100.00","0.00"
"2021-03-19 14:36:01","40.61","27.23","63.00","100.00","0.00"
"2021-03-19 14:36:02","40.61","27.23","63.00","100.00","0.00"
"2021-03-19 14:36:03","40.28","27.23","63.00","100.00","0.00"
"2021-03-19 14:36:04","40.28","27.23","63.00","100.00","0.00"
"2021-03-19 14:36:06","41.22","27.23","63.00","100.00","0.00"